ma_xa,ten_xa,ma_huyen,ma_tinh,am_name,am_phone,buu_cuc_ma,buu_cuc_ten,nhan_vien,sl_lay,sl_giao
12070,Xã Hoàn Long,,,,,21493000,Bưu Cục DT 376-Ngọc Long-Yên Mỹ-Hưng Yên,,,
12058,Xã Nghĩa Hiệp,,,,,21493000,Bưu Cục DT 376-Ngọc Long-Yên Mỹ-Hưng Yên,,,
12067,Xã Liêu Xá,,,,,21493000,Bưu Cục DT 376-Ngọc Long-Yên Mỹ-Hưng Yên,,,
12064,Xã Nguyễn Văn Linh,,,,,21493000,Bưu Cục DT 376-Ngọc Long-Yên Mỹ-Hưng Yên,,,
12055,Xã Giai Phạm,,,,,21493000,Bưu Cục DT 376-Ngọc Long-Yên Mỹ-Hưng Yên,,,
12073,Xã Tân Lập,,,,,21493000,Bưu Cục DT 376-Ngọc Long-Yên Mỹ-Hưng Yên,,,
12064,Xã Ngọc Long,,,,,21493000,Bưu Cục DT 376-Ngọc Long-Yên Mỹ-Hưng Yên,,,
12061,Xã Đồng Than,,,,,21493000,Bưu Cục DT 376-Ngọc Long-Yên Mỹ-Hưng Yên,,,
12208,Xã Đông Tảo,,,,,21493000,Bưu Cục DT 376-Ngọc Long-Yên Mỹ-Hưng Yên,,,
12460,Phường Hoàng Diệu,,,,,21476000,Bưu Cục 176 Nguyễn Đức Cảnh-Hoàng Diệu-Thái Bình,,,
12817,Xã Đông Mỹ,,,,,21476000,Bưu Cục 176 Nguyễn Đức Cảnh-Hoàng Diệu-Thái Bình,,,
12451,Phường Tiền Phong,,,,,21476000,Bưu Cục 176 Nguyễn Đức Cảnh-Hoàng Diệu-Thái Bình,,,
12820,Xã Đông Thọ,,,,,21476000,Bưu Cục 176 Nguyễn Đức Cảnh-Hoàng Diệu-Thái Bình,,,
12436,Phường Bồ Xuyên,,,,,21476000,Bưu Cục 176 Nguyễn Đức Cảnh-Hoàng Diệu-Thái Bình,,,
13225,Xã Tân Bình,,,,,21476000,Bưu Cục 176 Nguyễn Đức Cảnh-Hoàng Diệu-Thái Bình,,,
12442,Phường Kỳ Bá,,,,,21476000,Bưu Cục 176 Nguyễn Đức Cảnh-Hoàng Diệu-Thái Bình,,,
12433,Phường Lê Hồng Phong,,,,,21476000,Bưu Cục 176 Nguyễn Đức Cảnh-Hoàng Diệu-Thái Bình,,,
12457,Xã Đông Hòa,,,,,21476000,Bưu Cục 176 Nguyễn Đức Cảnh-Hoàng Diệu-Thái Bình,,,
12085,Xã Trung Hòa,,,,,21493000,Bưu Cục DT 376-Ngọc Long-Yên Mỹ-Hưng Yên,,,
12223,Xã Tân Dân,,,,,22523000,Bưu Cục Cầu Khé DT377-Xã Khoái Châu-Hưng Yên,,,
12274,Xã Thành Công,,,,,22523000,Bưu Cục Cầu Khé DT377-Xã Khoái Châu-Hưng Yên,,,
12244,Xã Hồng Tiến,,,,,22523000,Bưu Cục Cầu Khé DT377-Xã Khoái Châu-Hưng Yên,,,
01699,Xã Nguyễn Huệ,,,,,22523000,Bưu Cục Cầu Khé DT377-Xã Khoái Châu-Hưng Yên,,,
12268,Xã Đại Hưng,,,,,22523000,Bưu Cục Cầu Khé DT377-Xã Khoái Châu-Hưng Yên,,,
12226,Xã Tứ Dân,,,,,22523000,Bưu Cục Cầu Khé DT377-Xã Khoái Châu-Hưng Yên,,,
12229,Xã An Vĩ,,,,,22523000,Bưu Cục Cầu Khé DT377-Xã Khoái Châu-Hưng Yên,,,
12265,Xã Chí Tân,,,,,22523000,Bưu Cục Cầu Khé DT377-Xã Khoái Châu-Hưng Yên,,,
12238,Xã Dân Tiến,,,,,22523000,Bưu Cục Cầu Khé DT377-Xã Khoái Châu-Hưng Yên,,,
12235,Xã Bình Kiều,,,,,22523000,Bưu Cục Cầu Khé DT377-Xã Khoái Châu-Hưng Yên,,,
12250,Xã Liên Khê,,,,,22523000,Bưu Cục Cầu Khé DT377-Xã Khoái Châu-Hưng Yên,,,
12214,Xã Dạ Trạch,,,,,22523000,Bưu Cục Cầu Khé DT377-Xã Khoái Châu-Hưng Yên,,,
12241,Xã Đồng Tiến,,,,,22523000,Bưu Cục Cầu Khé DT377-Xã Khoái Châu-Hưng Yên,,,
12259,Xã Đông Ninh,,,,,22523000,Bưu Cục Cầu Khé DT377-Xã Khoái Châu-Hưng Yên,,,
12220,Xã Ông Đình,,,,,22523000,Bưu Cục Cầu Khé DT377-Xã Khoái Châu-Hưng Yên,,,
12277,Xã Nhuế Dương,,,,,22523000,Bưu Cục Cầu Khé DT377-Xã Khoái Châu-Hưng Yên,,,
12262,Xã Đại Tập,,,,,22523000,Bưu Cục Cầu Khé DT377-Xã Khoái Châu-Hưng Yên,,,
12232,Xã Đông Kết,,,,,22523000,Bưu Cục Cầu Khé DT377-Xã Khoái Châu-Hưng Yên,,,
12271,Xã Chí Minh,,,,,22523000,Bưu Cục Cầu Khé DT377-Xã Khoái Châu-Hưng Yên,,,
12247,Xã Tân Châu,,,,,22523000,Bưu Cục Cầu Khé DT377-Xã Khoái Châu-Hưng Yên,,,
12271,Xã Thuần Hưng,,,,,22523000,Bưu Cục Cầu Khé DT377-Xã Khoái Châu-Hưng Yên,,,
12256,Xã Việt Hòa,,,,,22523000,Bưu Cục Cầu Khé DT377-Xã Khoái Châu-Hưng Yên,,,
12253,Xã Phùng Hưng,,,,,22523000,Bưu Cục Cầu Khé DT377-Xã Khoái Châu-Hưng Yên,,,
12205,Thị trấn Khoái Châu,,,,,22523000,Bưu Cục Cầu Khé DT377-Xã Khoái Châu-Hưng Yên,,,
12046,Xã Thắng Lợi,,,,,21496000,Bưu Cục Xã Tân Tiến-Văn Giang-Hưng Yên,,,
12211,Xã Bình Minh,,,,,21496000,Bưu Cục Xã Tân Tiến-Văn Giang-Hưng Yên,,,
12307,Xã Nhân La,,,,,20133000,Bưu Cục 90 Nguyễn Lương Bằng-Kim Động-Hưng Yên,,,
12322,Xã Ngọc Thanh,,,,,20133000,Bưu Cục 90 Nguyễn Lương Bằng-Kim Động-Hưng Yên,,,
12283,Xã Nghĩa Dân,,,,,20133000,Bưu Cục 90 Nguyễn Lương Bằng-Kim Động-Hưng Yên,,,
12292,Xã Phạm Ngũ Lão,,,,,20133000,Bưu Cục 90 Nguyễn Lương Bằng-Kim Động-Hưng Yên,,,
30034,Xã Phú Thọ,,,,,20133000,Bưu Cục 90 Nguyễn Lương Bằng-Kim Động-Hưng Yên,,,
12289,Xã Vĩnh Xá,,,,,20133000,Bưu Cục 90 Nguyễn Lương Bằng-Kim Động-Hưng Yên,,,
12310,Xã Phú Thịnh,,,,,20133000,Bưu Cục 90 Nguyễn Lương Bằng-Kim Động-Hưng Yên,,,
12031,Xã Nghĩa Trụ,,,,,21496000,Bưu Cục Xã Tân Tiến-Văn Giang-Hưng Yên,,,
12286,Xã Toàn Thắng,,,,,20133000,Bưu Cục 90 Nguyễn Lương Bằng-Kim Động-Hưng Yên,,,
12043,Xã Tân Tiến,,,,,21496000,Bưu Cục Xã Tân Tiến-Văn Giang-Hưng Yên,,,
12217,Xã Hàm Tử,,,,,22523000,Bưu Cục Cầu Khé DT377-Xã Khoái Châu-Hưng Yên,,,
12313,Xã Mai Động,,,,,20133000,Bưu Cục 90 Nguyễn Lương Bằng-Kim Động-Hưng Yên,,,
12319,Xã Hùng An,,,,,20133000,Bưu Cục 90 Nguyễn Lương Bằng-Kim Động-Hưng Yên,,,
12304,Xã Chính Nghĩa,,,,,20133000,Bưu Cục 90 Nguyễn Lương Bằng-Kim Động-Hưng Yên,,,
27169,Xã Diên Hồng,,,,,20133000,Bưu Cục 90 Nguyễn Lương Bằng-Kim Động-Hưng Yên,,,
12028,Xã Phụng Công,,,,,21496000,Bưu Cục Xã Tân Tiến-Văn Giang-Hưng Yên,,,
12025,Xã Cửu Cao,,,,,21496000,Bưu Cục Xã Tân Tiến-Văn Giang-Hưng Yên,,,
12328,Xã Hiệp Cường,,,,,20133000,Bưu Cục 90 Nguyễn Lương Bằng-Kim Động-Hưng Yên,,,
12325,Xã Vũ Xá,,,,,20133000,Bưu Cục 90 Nguyễn Lương Bằng-Kim Động-Hưng Yên,,,
12034,Xã Long Hưng,,,,,21496000,Bưu Cục Xã Tân Tiến-Văn Giang-Hưng Yên,,,
12049,Xã Mễ Sở,,,,,21496000,Bưu Cục Xã Tân Tiến-Văn Giang-Hưng Yên,,,
12022,Xã Xuân Quan,,,,,21496000,Bưu Cục Xã Tân Tiến-Văn Giang-Hưng Yên,,,
12280,Thị trấn Lương Bằng,,,,,20133000,Bưu Cục 90 Nguyễn Lương Bằng-Kim Động-Hưng Yên,,,
12298,Xã Đồng Thanh,,,,,20133000,Bưu Cục 90 Nguyễn Lương Bằng-Kim Động-Hưng Yên,,,
12037,Xã Vĩnh Khúc,,,,,21496000,Bưu Cục Xã Tân Tiến-Văn Giang-Hưng Yên,,,
12019,Thị trấn Văn Giang,,,,,21496000,Bưu Cục Xã Tân Tiến-Văn Giang-Hưng Yên,,,
12316,Xã Đức Hợp,,,,,20133000,Bưu Cục 90 Nguyễn Lương Bằng-Kim Động-Hưng Yên,,,
12295,Xã Thọ Vinh,,,,,20133000,Bưu Cục 90 Nguyễn Lương Bằng-Kim Động-Hưng Yên,,,
12301,Xã Song Mai,,,,,20133000,Bưu Cục 90 Nguyễn Lương Bằng-Kim Động-Hưng Yên,,,
12730,Xã Nguyên Xá,,,,,1515,Bưu Cục Đông Hưng-Thái Bình,,,
12700,Xã An Châu,,,,,1515,Bưu Cục Đông Hưng-Thái Bình,,,
13255,Xã Vũ Hội,,,,,21069000,Bưu Cục Minh Khai-Vũ Thư-Thái Bình,,,
13201,Xã Xuân Hòa,,,,,21069000,Bưu Cục Minh Khai-Vũ Thư-Thái Bình,,,
13204,Xã Hiệp Hòa,,,,,21069000,Bưu Cục Minh Khai-Vũ Thư-Thái Bình,,,
13195,Xã Hồng Lý,,,,,21069000,Bưu Cục Minh Khai-Vũ Thư-Thái Bình,,,
12688,Thị trấn Đông Hưng,,,,,1515,Bưu Cục Đông Hưng-Thái Bình,,,
12775,Xã Đông Động,,,,,1515,Bưu Cục Đông Hưng-Thái Bình,,,
13240,Xã Tân Lập,,,,,21069000,Bưu Cục Minh Khai-Vũ Thư-Thái Bình,,,
12718,Xã Đông La,,,,,1515,Bưu Cục Đông Hưng-Thái Bình,,,
13228,Xã Minh Khai,,,,,21069000,Bưu Cục Minh Khai-Vũ Thư-Thái Bình,,,
13267,Xã Vũ Vinh,,,,,21069000,Bưu Cục Minh Khai-Vũ Thư-Thái Bình,,,
12040,Xã Liên Nghĩa,,,,,21496000,Bưu Cục Xã Tân Tiến-Văn Giang-Hưng Yên,,,
12814,Xã Hồng Bạch,,,,,1515,Bưu Cục Đông Hưng-Thái Bình,,,
12748,Xã Đông Kinh,,,,,1515,Bưu Cục Đông Hưng-Thái Bình,,,
13276,Xã Vũ Vân,,,,,21069000,Bưu Cục Minh Khai-Vũ Thư-Thái Bình,,,
13231,Xã Dũng Nghĩa,,,,,21069000,Bưu Cục Minh Khai-Vũ Thư-Thái Bình,,,
25363,Xã Đồng Phú,,,,,1515,Bưu Cục Đông Hưng-Thái Bình,,,
12745,Xã Đông Quan,,,,,1515,Bưu Cục Đông Hưng-Thái Bình,,,
12733,Xã Phong Châu,,,,,1515,Bưu Cục Đông Hưng-Thái Bình,,,
13210,Xã Tân Phong,,,,,21069000,Bưu Cục Minh Khai-Vũ Thư-Thái Bình,,,
13243,Xã Bách Thuận,,,,,21069000,Bưu Cục Minh Khai-Vũ Thư-Thái Bình,,,
13213,Xã Song Lãng,,,,,21069000,Bưu Cục Minh Khai-Vũ Thư-Thái Bình,,,
13207,Xã Phúc Thành,,,,,21069000,Bưu Cục Minh Khai-Vũ Thư-Thái Bình,,,
12721,Xã Minh Tân,,,,,1515,Bưu Cục Đông Hưng-Thái Bình,,,
12724,Xã Đông Xá,,,,,1515,Bưu Cục Đông Hưng-Thái Bình,,,
12727,Xã Chương Dương,,,,,1515,Bưu Cục Đông Hưng-Thái Bình,,,
12784,Xã Trọng Quan,,,,,1515,Bưu Cục Đông Hưng-Thái Bình,,,
12796,Xã Đông Quang,,,,,1515,Bưu Cục Đông Hưng-Thái Bình,,,
12751,Xã Đông Hợp,,,,,1515,Bưu Cục Đông Hưng-Thái Bình,,,
13252,Xã Trung An,,,,,21069000,Bưu Cục Minh Khai-Vũ Thư-Thái Bình,,,
12697,Xã Liên Giang,,,,,1515,Bưu Cục Đông Hưng-Thái Bình,,,
13222,Xã Minh Lãng,,,,,21069000,Bưu Cục Minh Khai-Vũ Thư-Thái Bình,,,
12757,Xã Đông Các,,,,,1515,Bưu Cục Đông Hưng-Thái Bình,,,
12772,Xã Đông Vinh,,,,,1515,Bưu Cục Đông Hưng-Thái Bình,,,
13192,Thị trấn Vũ Thư,,,,,21069000,Bưu Cục Minh Khai-Vũ Thư-Thái Bình,,,
12709,Xã Phú Lương,,,,,1515,Bưu Cục Đông Hưng-Thái Bình,,,
12715,Xã Lô Giang,,,,,1515,Bưu Cục Đông Hưng-Thái Bình,,,
12736,Xã Hợp Tiến,,,,,1515,Bưu Cục Đông Hưng-Thái Bình,,,
23074,Xã Đông Giang,,,,,1515,Bưu Cục Đông Hưng-Thái Bình,,,
12790,Xã Hồng Giang,,,,,1515,Bưu Cục Đông Hưng-Thái Bình,,,
13237,Xã Tam Quang,,,,,21069000,Bưu Cục Minh Khai-Vũ Thư-Thái Bình,,,
13234,Xã Minh Quang,,,,,21069000,Bưu Cục Minh Khai-Vũ Thư-Thái Bình,,,
12706,Xã Đông Cường,,,,,1515,Bưu Cục Đông Hưng-Thái Bình,,,
13219,Xã Việt Hùng,,,,,21069000,Bưu Cục Minh Khai-Vũ Thư-Thái Bình,,,
12805,Xã Liên Hoa,,,,,1515,Bưu Cục Đông Hưng-Thái Bình,,,
12742,Xã Minh Phú,,,,,1515,Bưu Cục Đông Hưng-Thái Bình,,,
12799,Xã Đông Xuân,,,,,1515,Bưu Cục Đông Hưng-Thái Bình,,,
13282,Xã Hồng Phong,,,,,21069000,Bưu Cục Minh Khai-Vũ Thư-Thái Bình,,,
13270,Xã Vũ Đoài,,,,,21069000,Bưu Cục Minh Khai-Vũ Thư-Thái Bình,,,
12781,Xã Hà Giang,,,,,1515,Bưu Cục Đông Hưng-Thái Bình,,,
13198,Xã Đồng Thanh,,,,,21069000,Bưu Cục Minh Khai-Vũ Thư-Thái Bình,,,
12691,Xã Đô Lương,,,,,1515,Bưu Cục Đông Hưng-Thái Bình,,,
19333,Xã Đông Hà,,,,,1515,Bưu Cục Đông Hưng-Thái Bình,,,
14329,Xã Hoa Lư,,,,,1515,Bưu Cục Đông Hưng-Thái Bình,,,
13264,Xã Việt Thuận,,,,,21069000,Bưu Cục Minh Khai-Vũ Thư-Thái Bình,,,
13279,Xã Duy Nhất,,,,,21069000,Bưu Cục Minh Khai-Vũ Thư-Thái Bình,,,
13246,Xã Tự Tân,,,,,21069000,Bưu Cục Minh Khai-Vũ Thư-Thái Bình,,,
11989,Xã Lạc Đạo,,,,,21019000,Bưu Cục Thôn Đại Từ-Văn Lâm-Hưng Yên,,,
12007,Xã Minh Hải,,,,,21019000,Bưu Cục Thôn Đại Từ-Văn Lâm-Hưng Yên,,,
12760,Xã Phú Châu,,,,,1515,Bưu Cục Đông Hưng-Thái Bình,,,
13216,Xã Tân Hòa,,,,,21069000,Bưu Cục Minh Khai-Vũ Thư-Thái Bình,,,
11998,Xã Việt Hưng,,,,,21019000,Bưu Cục Thôn Đại Từ-Văn Lâm-Hưng Yên,,,
12010,Xã Lương Tài,,,,,21019000,Bưu Cục Thôn Đại Từ-Văn Lâm-Hưng Yên,,,
12703,Xã Đông Sơn,,,,,1515,Bưu Cục Đông Hưng-Thái Bình,,,
12808,Xã Đông Hoàng,,,,,1515,Bưu Cục Đông Hưng-Thái Bình,,,
12694,Xã Đông Phương,,,,,1515,Bưu Cục Đông Hưng-Thái Bình,,,
13258,Xã Hòa Bình,,,,,21069000,Bưu Cục Minh Khai-Vũ Thư-Thái Bình,,,
13249,Xã Song An,,,,,21069000,Bưu Cục Minh Khai-Vũ Thư-Thái Bình,,,
11995,Xã Đại Đồng,,,,,21019000,Bưu Cục Thôn Đại Từ-Văn Lâm-Hưng Yên,,,
12739,Xã Hồng Việt,,,,,1515,Bưu Cục Đông Hưng-Thái Bình,,,
11473,Xã Bạch Đằng,,,,,1515,Bưu Cục Đông Hưng-Thái Bình,,,
12769,Xã Đông Tân,,,,,1515,Bưu Cục Đông Hưng-Thái Bình,,,
12802,Xã Đông Á,,,,,1515,Bưu Cục Đông Hưng-Thái Bình,,,
11992,Xã Chỉ Đạo,,,,,21019000,Bưu Cục Thôn Đại Từ-Văn Lâm-Hưng Yên,,,
17476,Xã Minh Châu,,,,,1515,Bưu Cục Đông Hưng-Thái Bình,,,
11980,Xã Hồng Châu,,,,,1515,Bưu Cục Đông Hưng-Thái Bình,,,
12811,Xã Đông Dương,,,,,1515,Bưu Cục Đông Hưng-Thái Bình,,,
12712,Xã Mê Linh,,,,,1515,Bưu Cục Đông Hưng-Thái Bình,,,
12526,Xã An Ấp,,,,,22671000,Bưu Cục Thôn Vũ Hạ-Xã Phụ Dực-Thái Bình,,,
12754,Xã Thăng Long,,,,,1515,Bưu Cục Đông Hưng-Thái Bình,,,
13273,Xã Vũ Tiến,,,,,21069000,Bưu Cục Minh Khai-Vũ Thư-Thái Bình,,,
13261,Xã Nguyên Xá,,,,,21069000,Bưu Cục Minh Khai-Vũ Thư-Thái Bình,,,
12565,Xã An Vinh,,,,,22671000,Bưu Cục Thôn Vũ Hạ-Xã Phụ Dực-Thái Bình,,,
12574,Xã Đông Hải,,,,,22671000,Bưu Cục Thôn Vũ Hạ-Xã Phụ Dực-Thái Bình,,,
12568,Xã Quỳnh Xá,,,,,22671000,Bưu Cục Thôn Vũ Hạ-Xã Phụ Dực-Thái Bình,,,
12394,Xã Minh Tân,,,,,22078000,Bưu Cục Thôn Cao Xá-Trần Cao-Phù Cừ-Hưng Yên,,,
12397,Xã Phan Sào Nam,,,,,22078000,Bưu Cục Thôn Cao Xá-Trần Cao-Phù Cừ-Hưng Yên,,,
12430,Xã Tống Trân,,,,,22078000,Bưu Cục Thôn Cao Xá-Trần Cao-Phù Cừ-Hưng Yên,,,
12412,Xã Đình Cao,,,,,22078000,Bưu Cục Thôn Cao Xá-Trần Cao-Phù Cừ-Hưng Yên,,,
12418,Xã Tiền Tiến,,,,,22078000,Bưu Cục Thôn Cao Xá-Trần Cao-Phù Cừ-Hưng Yên,,,
12421,Xã Tam Đa,,,,,22078000,Bưu Cục Thôn Cao Xá-Trần Cao-Phù Cừ-Hưng Yên,,,
12406,Xã Đoàn Đào,,,,,22078000,Bưu Cục Thôn Cao Xá-Trần Cao-Phù Cừ-Hưng Yên,,,
12427,Xã Nguyên Hòa,,,,,22078000,Bưu Cục Thôn Cao Xá-Trần Cao-Phù Cừ-Hưng Yên,,,
12391,Thị trấn Trần Cao,,,,,22078000,Bưu Cục Thôn Cao Xá-Trần Cao-Phù Cừ-Hưng Yên,,,
12400,Xã Quang Hưng,,,,,22078000,Bưu Cục Thôn Cao Xá-Trần Cao-Phù Cừ-Hưng Yên,,,
12403,Xã Minh Hoàng,,,,,22078000,Bưu Cục Thôn Cao Xá-Trần Cao-Phù Cừ-Hưng Yên,,,
12424,Xã Minh Tiến,,,,,22078000,Bưu Cục Thôn Cao Xá-Trần Cao-Phù Cừ-Hưng Yên,,,
12409,Xã Tống Phan,,,,,22078000,Bưu Cục Thôn Cao Xá-Trần Cao-Phù Cừ-Hưng Yên,,,
12559,Xã An Mỹ,,,,,22671000,Bưu Cục Thôn Vũ Hạ-Xã Phụ Dực-Thái Bình,,,
12577,Xã Quỳnh Trang,,,,,22671000,Bưu Cục Thôn Vũ Hạ-Xã Phụ Dực-Thái Bình,,,
12502,Xã An Cầu,,,,,22671000,Bưu Cục Thôn Vũ Hạ-Xã Phụ Dực-Thái Bình,,,
12571,Xã An Dục,,,,,22671000,Bưu Cục Thôn Vũ Hạ-Xã Phụ Dực-Thái Bình,,,
12514,Xã An Ninh,,,,,22671000,Bưu Cục Thôn Vũ Hạ-Xã Phụ Dực-Thái Bình,,,
12550,Xã An Lễ,,,,,22671000,Bưu Cục Thôn Vũ Hạ-Xã Phụ Dực-Thái Bình,,,
12538,Xã An Quí,,,,,22671000,Bưu Cục Thôn Vũ Hạ-Xã Phụ Dực-Thái Bình,,,
12541,Xã An Thanh,,,,,22671000,Bưu Cục Thôn Vũ Hạ-Xã Phụ Dực-Thái Bình,,,
12523,Thị trấn An Bài,,,,,22671000,Bưu Cục Thôn Vũ Hạ-Xã Phụ Dực-Thái Bình,,,
12583,Xã Đồng Tiến,,,,,22671000,Bưu Cục Thôn Vũ Hạ-Xã Phụ Dực-Thái Bình,,,
12580,Xã An Tràng,,,,,22671000,Bưu Cục Thôn Vũ Hạ-Xã Phụ Dực-Thái Bình,,,
12415,Xã Nhật Quang,,,,,22078000,Bưu Cục Thôn Cao Xá-Trần Cao-Phù Cừ-Hưng Yên,,,
12475,Xã An Khê,,,,,20623000,Bưu Cục Quỳnh Hội-Quỳnh Phụ-Thái Bình,,,
12136,Xã Ngọc Lâm,,,,,20148000,Bưu Cục Nhân Hòa-Mỹ Hào-Hưng Yên,,,
12103,Phường Bần Yên Nhân,,,,,20148000,Bưu Cục Nhân Hòa-Mỹ Hào-Hưng Yên,,,
12139,Xã Hưng Long,,,,,20148000,Bưu Cục Nhân Hòa-Mỹ Hào-Hưng Yên,,,
12448,Phường Phú Khánh,,,,,22476000,Bưu Cục Đường Doãn Khuê-Phường Vũ Phúc-Thái Bình,,,
12115,Xã Hòa Phong,,,,,20148000,Bưu Cục Nhân Hòa-Mỹ Hào-Hưng Yên,,,
12133,Xã Xuân Dục,,,,,20148000,Bưu Cục Nhân Hòa-Mỹ Hào-Hưng Yên,,,
12547,Xã An Vũ,,,,,22671000,Bưu Cục Thôn Vũ Hạ-Xã Phụ Dực-Thái Bình,,,
12472,Thị trấn Quỳnh Côi,,,,,20623000,Bưu Cục Quỳnh Hội-Quỳnh Phụ-Thái Bình,,,
12493,Xã Quỳnh Hoàng,,,,,20623000,Bưu Cục Quỳnh Hội-Quỳnh Phụ-Thái Bình,,,
12520,Xã Quỳnh Hải,,,,,20623000,Bưu Cục Quỳnh Hội-Quỳnh Phụ-Thái Bình,,,
12562,Xã Quỳnh Nguyên,,,,,20623000,Bưu Cục Quỳnh Hội-Quỳnh Phụ-Thái Bình,,,
12478,Xã An Đồng,,,,,20623000,Bưu Cục Quỳnh Hội-Quỳnh Phụ-Thái Bình,,,
12484,Xã Quỳnh Lâm,,,,,20623000,Bưu Cục Quỳnh Hội-Quỳnh Phụ-Thái Bình,,,
12529,Xã Quỳnh Hội,,,,,20623000,Bưu Cục Quỳnh Hội-Quỳnh Phụ-Thái Bình,,,
12535,Xã Quỳnh Mỹ,,,,,20623000,Bưu Cục Quỳnh Hội-Quỳnh Phụ-Thái Bình,,,
12553,Xã Quỳnh Hưng,,,,,20623000,Bưu Cục Quỳnh Hội-Quỳnh Phụ-Thái Bình,,,
12544,Xã Châu Sơn,,,,,20623000,Bưu Cục Quỳnh Hội-Quỳnh Phụ-Thái Bình,,,
12490,Xã An Hiệp,,,,,20623000,Bưu Cục Quỳnh Hội-Quỳnh Phụ-Thái Bình,,,
12452,Phường Trần Hưng Đạo,,,,,22476000,Bưu Cục Đường Doãn Khuê-Phường Vũ Phúc-Thái Bình,,,
12499,Xã An Thái,,,,,20623000,Bưu Cục Quỳnh Hội-Quỳnh Phụ-Thái Bình,,,
12517,Xã Quỳnh Ngọc,,,,,20623000,Bưu Cục Quỳnh Hội-Quỳnh Phụ-Thái Bình,,,
12463,Xã Phú Xuân,,,,,22476000,Bưu Cục Đường Doãn Khuê-Phường Vũ Phúc-Thái Bình,,,
12481,Xã Quỳnh Hoa,,,,,20623000,Bưu Cục Quỳnh Hội-Quỳnh Phụ-Thái Bình,,,
12508,Xã Quỳnh Khê,,,,,20623000,Bưu Cục Quỳnh Hội-Quỳnh Phụ-Thái Bình,,,
12496,Xã Quỳnh Giao,,,,,20623000,Bưu Cục Quỳnh Hội-Quỳnh Phụ-Thái Bình,,,
12445,Phường Quang Trung,,,,,22476000,Bưu Cục Đường Doãn Khuê-Phường Vũ Phúc-Thái Bình,,,
12556,Xã Quỳnh Bảo,,,,,20623000,Bưu Cục Quỳnh Hội-Quỳnh Phụ-Thái Bình,,,
12130,Xã Phùng Chí Kiên,,,,,20148000,Bưu Cục Nhân Hòa-Mỹ Hào-Hưng Yên,,,
12466,Xã Vũ Phúc,,,,,22476000,Bưu Cục Đường Doãn Khuê-Phường Vũ Phúc-Thái Bình,,,
12487,Xã Quỳnh Thọ,,,,,20623000,Bưu Cục Quỳnh Hội-Quỳnh Phụ-Thái Bình,,,
17170,Xã Quỳnh Sơn,,,,,20623000,Bưu Cục Quỳnh Hội-Quỳnh Phụ-Thái Bình,,,
12505,Xã Quỳnh Hồng,,,,,20623000,Bưu Cục Quỳnh Hội-Quỳnh Phụ-Thái Bình,,,
12439,Phường Đề Thám,,,,,22476000,Bưu Cục Đường Doãn Khuê-Phường Vũ Phúc-Thái Bình,,,
12112,Xã Dương Quang,,,,,20148000,Bưu Cục Nhân Hòa-Mỹ Hào-Hưng Yên,,,
12118,Xã Nhân Hòa,,,,,20148000,Bưu Cục Nhân Hòa-Mỹ Hào-Hưng Yên,,,
12109,Xã Cẩm Xá,,,,,20148000,Bưu Cục Nhân Hòa-Mỹ Hào-Hưng Yên,,,
12160,Xã Vân Du,,,,,21459000,Bưu Cục Thị Trấn Ân Thi-Ân Thi-Hưng Yên,,,
12106,Xã Phan Đình Phùng,,,,,20148000,Bưu Cục Nhân Hòa-Mỹ Hào-Hưng Yên,,,
12124,Xã Bạch Sam,,,,,20148000,Bưu Cục Nhân Hòa-Mỹ Hào-Hưng Yên,,,
12121,Xã Dị Sử,,,,,20148000,Bưu Cục Nhân Hòa-Mỹ Hào-Hưng Yên,,,
12127,Xã Minh Đức,,,,,20148000,Bưu Cục Nhân Hòa-Mỹ Hào-Hưng Yên,,,
12148,Xã Bắc Sơn,,,,,21459000,Bưu Cục Thị Trấn Ân Thi-Ân Thi-Hưng Yên,,,
12511,Xã Quỳnh Minh,,,,,20623000,Bưu Cục Quỳnh Hội-Quỳnh Phụ-Thái Bình,,,
12163,Xã Quang Vinh,,,,,21459000,Bưu Cục Thị Trấn Ân Thi-Ân Thi-Hưng Yên,,,
12184,Xã Nguyễn Trãi,,,,,21459000,Bưu Cục Thị Trấn Ân Thi-Ân Thi-Hưng Yên,,,
12169,Xã Hoàng Hoa Thám,,,,,21459000,Bưu Cục Thị Trấn Ân Thi-Ân Thi-Hưng Yên,,,
12172,Xã Quảng Lãng,,,,,21459000,Bưu Cục Thị Trấn Ân Thi-Ân Thi-Hưng Yên,,,
12199,Xã Hồng Quang,,,,,21459000,Bưu Cục Thị Trấn Ân Thi-Ân Thi-Hưng Yên,,,
12157,Xã Tân Phúc,,,,,21459000,Bưu Cục Thị Trấn Ân Thi-Ân Thi-Hưng Yên,,,
12166,Xã Xuân Trúc,,,,,21459000,Bưu Cục Thị Trấn Ân Thi-Ân Thi-Hưng Yên,,,
12154,Xã Đào Dương,,,,,21459000,Bưu Cục Thị Trấn Ân Thi-Ân Thi-Hưng Yên,,,
12145,Xã Phù Ủng,,,,,21459000,Bưu Cục Thị Trấn Ân Thi-Ân Thi-Hưng Yên,,,
12187,Xã Đa Lộc,,,,,21459000,Bưu Cục Thị Trấn Ân Thi-Ân Thi-Hưng Yên,,,
12193,Xã Tiền Phong,,,,,21459000,Bưu Cục Thị Trấn Ân Thi-Ân Thi-Hưng Yên,,,
12175,Xã Văn Nhuệ,,,,,21459000,Bưu Cục Thị Trấn Ân Thi-Ân Thi-Hưng Yên,,,
12196,Xã Hồng Vân,,,,,21459000,Bưu Cục Thị Trấn Ân Thi-Ân Thi-Hưng Yên,,,
12151,Xã Bãi Sậy,,,,,21459000,Bưu Cục Thị Trấn Ân Thi-Ân Thi-Hưng Yên,,,
12202,Xã Hạ Lễ,,,,,21459000,Bưu Cục Thị Trấn Ân Thi-Ân Thi-Hưng Yên,,,
12178,Xã Đặng Lễ,,,,,21459000,Bưu Cục Thị Trấn Ân Thi-Ân Thi-Hưng Yên,,,
12142,Thị trấn Ân Thi,,,,,21459000,Bưu Cục Thị Trấn Ân Thi-Ân Thi-Hưng Yên,,,
12181,Xã Cẩm Ninh,,,,,21459000,Bưu Cục Thị Trấn Ân Thi-Ân Thi-Hưng Yên,,,
12013,Xã Trưng Trắc,,,,,20719000,Bưu Cục Thị Trấn Như Quỳnh-Văn Lâm-Hưng Yên,,,
12001,Xã Tân Quang,,,,,20719000,Bưu Cục Thị Trấn Như Quỳnh-Văn Lâm-Hưng Yên,,,
11986,Thị trấn Như Quỳnh,,,,,20719000,Bưu Cục Thị Trấn Như Quỳnh-Văn Lâm-Hưng Yên,,,
12004,Xã Đình Dù,,,,,20719000,Bưu Cục Thị Trấn Như Quỳnh-Văn Lâm-Hưng Yên,,,
13120,Xã Nam Cao,,,,,20261000,Bưu Cục Quốc Lộ 39B-Kiến Xương- Thái Bình,,,
13153,Xã Vũ Thắng,,,,,20261000,Bưu Cục Quốc Lộ 39B-Kiến Xương- Thái Bình,,,
12016,Xã Lạc Hồng,,,,,20719000,Bưu Cục Thị Trấn Như Quỳnh-Văn Lâm-Hưng Yên,,,
12997,Xã Đông Trung,,,,,20679000,Bưu Cục Thôn Đông-Tiền Hải-Thái Bình,,,
12190,Xã Hồ Tùng Mậu,,,,,21459000,Bưu Cục Thị Trấn Ân Thi-Ân Thi-Hưng Yên,,,
12610,Xã Tân Tiến,,,,,21380000,Bưu Cục Xã Thống Nhất-Hưng Hà-Thái Bình,,,
13093,Xã Hồng Thái,,,,,20261000,Bưu Cục Quốc Lộ 39B-Kiến Xương- Thái Bình,,,
13117,Xã Thượng Hiền,,,,,20261000,Bưu Cục Quốc Lộ 39B-Kiến Xương- Thái Bình,,,
12985,Xã Vũ Lăng,,,,,20679000,Bưu Cục Thôn Đông-Tiền Hải-Thái Bình,,,
12592,Xã Tân Lễ,,,,,21380000,Bưu Cục Xã Thống Nhất-Hưng Hà-Thái Bình,,,
13096,Xã Bình Nguyên,,,,,20261000,Bưu Cục Quốc Lộ 39B-Kiến Xương- Thái Bình,,,
26299,Xã Thống Nhất,,,,,20261000,Bưu Cục Quốc Lộ 39B-Kiến Xương- Thái Bình,,,
13033,Xã Tây Tiến,,,,,20679000,Bưu Cục Thôn Đông-Tiền Hải-Thái Bình,,,
13027,Xã Phương Công,,,,,20679000,Bưu Cục Thôn Đông-Tiền Hải-Thái Bình,,,
12634,Xã Phúc Khánh,,,,,21380000,Bưu Cục Xã Thống Nhất-Hưng Hà-Thái Bình,,,
12625,Xã Văn Cẩm,,,,,21380000,Bưu Cục Xã Thống Nhất-Hưng Hà-Thái Bình,,,
12469,Xã Vũ Chính,,,,,20261000,Bưu Cục Quốc Lộ 39B-Kiến Xương- Thái Bình,,,
13000,Xã Đông Hoàng,,,,,20679000,Bưu Cục Thôn Đông-Tiền Hải-Thái Bình,,,
12994,Xã Tây Ninh,,,,,20679000,Bưu Cục Thôn Đông-Tiền Hải-Thái Bình,,,
13042,Xã Nam Thắng,,,,,20679000,Bưu Cục Thôn Đông-Tiền Hải-Thái Bình,,,
12982,Xã Đông Quí,,,,,20679000,Bưu Cục Thôn Đông-Tiền Hải-Thái Bình,,,
31975,Xã Đông Hải,,,,,20679000,Bưu Cục Thôn Đông-Tiền Hải-Thái Bình,,,
13024,Xã Đông Lâm,,,,,20679000,Bưu Cục Thôn Đông-Tiền Hải-Thái Bình,,,
12658,Xã Minh Khai,,,,,21380000,Bưu Cục Xã Thống Nhất-Hưng Hà-Thái Bình,,,
12619,Xã Duyên Hải,,,,,21380000,Bưu Cục Xã Thống Nhất-Hưng Hà-Thái Bình,,,
12640,Xã Tây Đô,,,,,21380000,Bưu Cục Xã Thống Nhất-Hưng Hà-Thái Bình,,,
13063,Xã Nam Hồng,,,,,20679000,Bưu Cục Thôn Đông-Tiền Hải-Thái Bình,,,
13039,Xã Vân Trường,,,,,20679000,Bưu Cục Thôn Đông-Tiền Hải-Thái Bình,,,
22171,Xã Tây Sơn,,,,,20679000,Bưu Cục Thôn Đông-Tiền Hải-Thái Bình,,,
12646,Xã Tiến Đức,,,,,21380000,Bưu Cục Xã Thống Nhất-Hưng Hà-Thái Bình,,,
13165,Xã Quang Trung,,,,,20261000,Bưu Cục Quốc Lộ 39B-Kiến Xương- Thái Bình,,,
13099,Xã Tây Sơn,,,,,20261000,Bưu Cục Quốc Lộ 39B-Kiến Xương- Thái Bình,,,
12454,Phường Trần Lãm,,,,,20261000,Bưu Cục Quốc Lộ 39B-Kiến Xương- Thái Bình,,,
13009,Xã Đông Phong,,,,,20679000,Bưu Cục Thôn Đông-Tiền Hải-Thái Bình,,,
12656,Xã Chi Lăng,,,,,21380000,Bưu Cục Xã Thống Nhất-Hưng Hà-Thái Bình,,,
12598,Xã Dân Chủ,,,,,21380000,Bưu Cục Xã Thống Nhất-Hưng Hà-Thái Bình,,,
13078,Xã Trà Giang,,,,,20261000,Bưu Cục Quốc Lộ 39B-Kiến Xương- Thái Bình,,,
13156,Xã Vũ Công,,,,,20261000,Bưu Cục Quốc Lộ 39B-Kiến Xương- Thái Bình,,,
13174,Xã Vũ Bình,,,,,20261000,Bưu Cục Quốc Lộ 39B-Kiến Xương- Thái Bình,,,
13075,Thị Trấn Kiến Xương,,,,,20261000,Bưu Cục Quốc Lộ 39B-Kiến Xương- Thái Bình,,,
13060,Xã Nam Trung,,,,,20679000,Bưu Cục Thôn Đông-Tiền Hải-Thái Bình,,,
12649,Xã Thái Hưng,,,,,21380000,Bưu Cục Xã Thống Nhất-Hưng Hà-Thái Bình,,,
12607,Xã Hùng Dũng,,,,,21380000,Bưu Cục Xã Thống Nhất-Hưng Hà-Thái Bình,,,
13108,Xã Vũ Lạc,,,,,20261000,Bưu Cục Quốc Lộ 39B-Kiến Xương- Thái Bình,,,
12991,Xã Tây Lương,,,,,20679000,Bưu Cục Thôn Đông-Tiền Hải-Thái Bình,,,
12967,Xã Thái Thọ,,,,,20679000,Bưu Cục Thôn Đông-Tiền Hải-Thái Bình,,,
13111,Xã Vũ Lễ,,,,,20261000,Bưu Cục Quốc Lộ 39B-Kiến Xương- Thái Bình,,,
13054,Xã Nam Hà,,,,,20679000,Bưu Cục Thôn Đông-Tiền Hải-Thái Bình,,,
12595,Xã Cộng Hòa,,,,,21380000,Bưu Cục Xã Thống Nhất-Hưng Hà-Thái Bình,,,
13114,Xã Thanh Tân,,,,,20261000,Bưu Cục Quốc Lộ 39B-Kiến Xương- Thái Bình,,,
13126,Xã Vũ Ninh,,,,,20261000,Bưu Cục Quốc Lộ 39B-Kiến Xương- Thái Bình,,,
13030,Xã Tây Phong,,,,,20679000,Bưu Cục Thôn Đông-Tiền Hải-Thái Bình,,,
13051,Xã Nam Thịnh,,,,,20679000,Bưu Cục Thôn Đông-Tiền Hải-Thái Bình,,,
13081,Xã Quốc Tuấn,,,,,20261000,Bưu Cục Quốc Lộ 39B-Kiến Xương- Thái Bình,,,
12661,Xã Hồng An,,,,,21380000,Bưu Cục Xã Thống Nhất-Hưng Hà-Thái Bình,,,
12616,Xã Đoan Hùng,,,,,21380000,Bưu Cục Xã Thống Nhất-Hưng Hà-Thái Bình,,,
13084,Xã Vũ Đông,,,,,20261000,Bưu Cục Quốc Lộ 39B-Kiến Xương- Thái Bình,,,
12676,Xã Độc Lập,,,,,21380000,Bưu Cục Xã Thống Nhất-Hưng Hà-Thái Bình,,,
13150,Xã Vũ Trung,,,,,20261000,Bưu Cục Quốc Lộ 39B-Kiến Xương- Thái Bình,,,
13180,Xã Nam Bình,,,,,20261000,Bưu Cục Quốc Lộ 39B-Kiến Xương- Thái Bình,,,
16417,Xã Đông Quang,,,,,20679000,Bưu Cục Thôn Đông-Tiền Hải-Thái Bình,,,
16939,Xã Thái Hòa,,,,,20679000,Bưu Cục Thôn Đông-Tiền Hải-Thái Bình,,,
12586,Thị trấn Hưng Hà,,,,,21380000,Bưu Cục Xã Thống Nhất-Hưng Hà-Thái Bình,,,
14818,Xã Quang Trung,,,,,21380000,Bưu Cục Xã Thống Nhất-Hưng Hà-Thái Bình,,,
13138,Xã Bình Minh,,,,,20261000,Bưu Cục Quốc Lộ 39B-Kiến Xương- Thái Bình,,,
13072,Xã Nam Phú,,,,,20679000,Bưu Cục Thôn Đông-Tiền Hải-Thái Bình,,,
13048,Xã Bắc Hải,,,,,20679000,Bưu Cục Thôn Đông-Tiền Hải-Thái Bình,,,
13087,Xã An Bình,,,,,20261000,Bưu Cục Quốc Lộ 39B-Kiến Xương- Thái Bình,,,
13069,Xã Nam Hải,,,,,20679000,Bưu Cục Thôn Đông-Tiền Hải-Thái Bình,,,
13021,Xã Tây Giang,,,,,20679000,Bưu Cục Thôn Đông-Tiền Hải-Thái Bình,,,
12976,Xã Đông Trà,,,,,20679000,Bưu Cục Thôn Đông-Tiền Hải-Thái Bình,,,
12670,Xã Minh Tân,,,,,21380000,Bưu Cục Xã Thống Nhất-Hưng Hà-Thái Bình,,,
12604,Xã Hòa Tiến,,,,,21380000,Bưu Cục Xã Thống Nhất-Hưng Hà-Thái Bình,,,
13036,Xã Nam Cường,,,,,20679000,Bưu Cục Thôn Đông-Tiền Hải-Thái Bình,,,
12970,Thị trấn Tiền Hải,,,,,20679000,Bưu Cục Thôn Đông-Tiền Hải-Thái Bình,,,
12937,Xã Thái Hưng,,,,,20679000,Bưu Cục Thôn Đông-Tiền Hải-Thái Bình,,,
13141,Xã Vũ Quí,,,,,20261000,Bưu Cục Quốc Lộ 39B-Kiến Xương- Thái Bình,,,
12988,Xã Đông Xuyên,,,,,20679000,Bưu Cục Thôn Đông-Tiền Hải-Thái Bình,,,
10642,Xã Thái Tân,,,,,20679000,Bưu Cục Thôn Đông-Tiền Hải-Thái Bình,,,
13186,Xã Bình Định,,,,,20261000,Bưu Cục Quốc Lộ 39B-Kiến Xương- Thái Bình,,,
12643,Xã Thống Nhất,,,,,21380000,Bưu Cục Xã Thống Nhất-Hưng Hà-Thái Bình,,,
12622,Xã Tân Hòa,,,,,21380000,Bưu Cục Xã Thống Nhất-Hưng Hà-Thái Bình,,,
13135,Xã Hòa Bình,,,,,20261000,Bưu Cục Quốc Lộ 39B-Kiến Xương- Thái Bình,,,
13183,Xã Bình Thanh,,,,,20261000,Bưu Cục Quốc Lộ 39B-Kiến Xương- Thái Bình,,,
25441,Xã Minh Hưng,,,,,20261000,Bưu Cục Quốc Lộ 39B-Kiến Xương- Thái Bình,,,
13012,Xã An Ninh,,,,,20679000,Bưu Cục Thôn Đông-Tiền Hải-Thái Bình,,,
12961,Xã Thái Thịnh,,,,,20679000,Bưu Cục Thôn Đông-Tiền Hải-Thái Bình,,,
12685,Xã Hồng Minh,,,,,21380000,Bưu Cục Xã Thống Nhất-Hưng Hà-Thái Bình,,,
13018,Xã Đông Cơ,,,,,20679000,Bưu Cục Thôn Đông-Tiền Hải-Thái Bình,,,
12655,Xã Hòa Bình,,,,,21380000,Bưu Cục Xã Thống Nhất-Hưng Hà-Thái Bình,,,
14062,Xã Quang Hưng,,,,,20261000,Bưu Cục Quốc Lộ 39B-Kiến Xương- Thái Bình,,,
13021,Xã Ái Quốc,,,,,20679000,Bưu Cục Thôn Đông-Tiền Hải-Thái Bình,,,
12679,Xã Chí Hòa,,,,,21380000,Bưu Cục Xã Thống Nhất-Hưng Hà-Thái Bình,,,
13132,Xã Quang Lịch,,,,,20261000,Bưu Cục Quốc Lộ 39B-Kiến Xương- Thái Bình,,,
13144,Xã Quang Bình,,,,,20261000,Bưu Cục Quốc Lộ 39B-Kiến Xương- Thái Bình,,,
13177,Xã Minh Tân,,,,,20261000,Bưu Cục Quốc Lộ 39B-Kiến Xương- Thái Bình,,,
12667,Xã Hồng Lĩnh,,,,,21380000,Bưu Cục Xã Thống Nhất-Hưng Hà-Thái Bình,,,
12601,Xã Canh Tân,,,,,21380000,Bưu Cục Xã Thống Nhất-Hưng Hà-Thái Bình,,,
12589,Xã Điệp Nông,,,,,21380000,Bưu Cục Xã Thống Nhất-Hưng Hà-Thái Bình,,,
13123,Xã Đình Phùng,,,,,20261000,Bưu Cục Quốc Lộ 39B-Kiến Xương- Thái Bình,,,
12979,Xã Đông Long,,,,,20679000,Bưu Cục Thôn Đông-Tiền Hải-Thái Bình,,,
31393,Xã Hòa An,,,,,20679000,Bưu Cục Thôn Đông-Tiền Hải-Thái Bình,,,
12628,Xã Bắc Sơn,,,,,21380000,Bưu Cục Xã Thống Nhất-Hưng Hà-Thái Bình,,,
12613,Thị trấn Hưng Nhân,,,,,21380000,Bưu Cục Xã Thống Nhất-Hưng Hà-Thái Bình,,,
13159,Xã Vũ Hòa,,,,,20261000,Bưu Cục Quốc Lộ 39B-Kiến Xương- Thái Bình,,,
13147,Xã Minh Quang,,,,,20261000,Bưu Cục Quốc Lộ 39B-Kiến Xương- Thái Bình,,,
13159,Xã Hồng Vũ,,,,,20261000,Bưu Cục Quốc Lộ 39B-Kiến Xương- Thái Bình,,,
12652,Xã Thái Phương,,,,,21380000,Bưu Cục Xã Thống Nhất-Hưng Hà-Thái Bình,,,
13045,Xã Nam Chính,,,,,20679000,Bưu Cục Thôn Đông-Tiền Hải-Thái Bình,,,
13102,Xã Lê Lợi,,,,,20261000,Bưu Cục Quốc Lộ 39B-Kiến Xương- Thái Bình,,,
13129,Xã Vũ An,,,,,20261000,Bưu Cục Quốc Lộ 39B-Kiến Xương- Thái Bình,,,
13189,Xã Hồng Tiến,,,,,20261000,Bưu Cục Quốc Lộ 39B-Kiến Xương- Thái Bình,,,
13057,Xã Nam Thanh,,,,,20679000,Bưu Cục Thôn Đông-Tiền Hải-Thái Bình,,,
12946,Xã Thuần Thành,,,,,20679000,Bưu Cục Thôn Đông-Tiền Hải-Thái Bình,,,
13003,Xã Đông Minh,,,,,20679000,Bưu Cục Thôn Đông-Tiền Hải-Thái Bình,,,
12673,Xã Văn Lang,,,,,21380000,Bưu Cục Xã Thống Nhất-Hưng Hà-Thái Bình,,,
12637,Xã Liên Hiệp,,,,,21380000,Bưu Cục Xã Thống Nhất-Hưng Hà-Thái Bình,,,
12631,Xã Đông Đô,,,,,21380000,Bưu Cục Xã Thống Nhất-Hưng Hà-Thái Bình,,,
12916,Xã Tân Học,,,,,20679000,Bưu Cục Thôn Đông-Tiền Hải-Thái Bình,,,
12385,Xã Tân Hưng,,,,,1215,Bưu Cục 11 Chu Mạnh Trinh-TP.Hưng Yên,,,
12358,Xã Đức Thắng,,,,,1215,Bưu Cục 11 Chu Mạnh Trinh-TP.Hưng Yên,,,
12682,Xã Minh Hòa,,,,,21380000,Bưu Cục Xã Thống Nhất-Hưng Hà-Thái Bình,,,
13162,Xã Quang Minh,,,,,20261000,Bưu Cục Quốc Lộ 39B-Kiến Xương- Thái Bình,,,
13066,Xã Nam Hưng,,,,,20679000,Bưu Cục Thôn Đông-Tiền Hải-Thái Bình,,,
12364,Xã Hải Triều,,,,,1215,Bưu Cục 11 Chu Mạnh Trinh-TP.Hưng Yên,,,
12355,Xã An Viên,,,,,1215,Bưu Cục 11 Chu Mạnh Trinh-TP.Hưng Yên,,,
12340,Xã Hưng Đạo,,,,,1215,Bưu Cục 11 Chu Mạnh Trinh-TP.Hưng Yên,,,
11971,Xã Trung Nghĩa,,,,,1215,Bưu Cục 11 Chu Mạnh Trinh-TP.Hưng Yên,,,
12334,Xã Hùng Cường,,,,,1215,Bưu Cục 11 Chu Mạnh Trinh-TP.Hưng Yên,,,
11968,Phường Hồng Châu,,,,,1215,Bưu Cục 11 Chu Mạnh Trinh-TP.Hưng Yên,,,
12346,Xã Nhật Tân,,,,,1215,Bưu Cục 11 Chu Mạnh Trinh-TP.Hưng Yên,,,
11950,Phường Lam Sơn,,,,,1215,Bưu Cục 11 Chu Mạnh Trinh-TP.Hưng Yên,,,
12373,Xã Thụy Lôi,,,,,1215,Bưu Cục 11 Chu Mạnh Trinh-TP.Hưng Yên,,,
12352,Xã Lệ Xá,,,,,1215,Bưu Cục 11 Chu Mạnh Trinh-TP.Hưng Yên,,,
11977,Xã Hồng Nam,,,,,1215,Bưu Cục 11 Chu Mạnh Trinh-TP.Hưng Yên,,,
12337,Thị trấn Vương,,,,,1215,Bưu Cục 11 Chu Mạnh Trinh-TP.Hưng Yên,,,
12367,Xã Thủ Sỹ,,,,,1215,Bưu Cục 11 Chu Mạnh Trinh-TP.Hưng Yên,,,
11953,Phường Hiến Nam,,,,,1215,Bưu Cục 11 Chu Mạnh Trinh-TP.Hưng Yên,,,
11974,Xã Liên Phương,,,,,1215,Bưu Cục 11 Chu Mạnh Trinh-TP.Hưng Yên,,,
11965,Phường Quang Trung,,,,,1215,Bưu Cục 11 Chu Mạnh Trinh-TP.Hưng Yên,,,
12379,Xã Minh Phượng,,,,,1215,Bưu Cục 11 Chu Mạnh Trinh-TP.Hưng Yên,,,
12349,Xã Dị Chế,,,,,1215,Bưu Cục 11 Chu Mạnh Trinh-TP.Hưng Yên,,,
12376,Xã Cương Chính,,,,,1215,Bưu Cục 11 Chu Mạnh Trinh-TP.Hưng Yên,,,
12331,Xã Phú Cường,,,,,1215,Bưu Cục 11 Chu Mạnh Trinh-TP.Hưng Yên,,,
12388,Xã Hoàng Hanh,,,,,1215,Bưu Cục 11 Chu Mạnh Trinh-TP.Hưng Yên,,,
12370,Xã Thiện Phiến,,,,,1215,Bưu Cục 11 Chu Mạnh Trinh-TP.Hưng Yên,,,
11980,Xã Quảng Châu,,,,,1215,Bưu Cục 11 Chu Mạnh Trinh-TP.Hưng Yên,,,
12382,Xã Phương Chiểu,,,,,1215,Bưu Cục 11 Chu Mạnh Trinh-TP.Hưng Yên,,,
11962,Phường Minh Khai,,,,,1215,Bưu Cục 11 Chu Mạnh Trinh-TP.Hưng Yên,,,
12343,Xã Ngô Quyền,,,,,1215,Bưu Cục 11 Chu Mạnh Trinh-TP.Hưng Yên,,,
12361,Xã Trung Dũng,,,,,1215,Bưu Cục 11 Chu Mạnh Trinh-TP.Hưng Yên,,,
11956,Phường An Tảo,,,,,1215,Bưu Cục 11 Chu Mạnh Trinh-TP.Hưng Yên,,,
11959,Phường Lê Lợi,,,,,1215,Bưu Cục 11 Chu Mạnh Trinh-TP.Hưng Yên,,,
11983,Xã Bảo Khê,,,,,1215,Bưu Cục 11 Chu Mạnh Trinh-TP.Hưng Yên,,,
12844,Xã Thụy Quỳnh,,,,,20790000,Bưu Cục Xóm 2 Thụy Sơn-Thái Thụy-Thái Bình,,,
12892,Xã Thụy Duyên,,,,,20790000,Bưu Cục Xóm 2 Thụy Sơn-Thái Thụy-Thái Bình,,,
12862,Xã Thụy Xuân,,,,,20790000,Bưu Cục Xóm 2 Thụy Sơn-Thái Thụy-Thái Bình,,,
12901,Xã Thụy Sơn,,,,,20790000,Bưu Cục Xóm 2 Thụy Sơn-Thái Thụy-Thái Bình,,,
02407,Xã Thái Sơn,,,,,20790000,Bưu Cục Xóm 2 Thụy Sơn-Thái Thụy-Thái Bình,,,
12904,Xã Thụy Phong,,,,,20790000,Bưu Cục Xóm 2 Thụy Sơn-Thái Thụy-Thái Bình,,,
12898,Xã Thụy Thanh,,,,,20790000,Bưu Cục Xóm 2 Thụy Sơn-Thái Thụy-Thái Bình,,,
12919,Xã Thái Giang,,,,,20790000,Bưu Cục Xóm 2 Thụy Sơn-Thái Thụy-Thái Bình,,,
12922,Xã An Tân,,,,,20790000,Bưu Cục Xóm 2 Thụy Sơn-Thái Thụy-Thái Bình,,,
12934,Xã Thái Phúc,,,,,20790000,Bưu Cục Xóm 2 Thụy Sơn-Thái Thụy-Thái Bình,,,
12874,Xã Thụy Chính,,,,,20790000,Bưu Cục Xóm 2 Thụy Sơn-Thái Thụy-Thái Bình,,,
12940,Xã Thái Đô,,,,,20790000,Bưu Cục Xóm 2 Thụy Sơn-Thái Thụy-Thái Bình,,,
12826,Thị trấn Diêm Điền,,,,,20790000,Bưu Cục Xóm 2 Thụy Sơn-Thái Thụy-Thái Bình,,,
12835,Xã Dương Phúc,,,,,20790000,Bưu Cục Xóm 2 Thụy Sơn-Thái Thụy-Thái Bình,,,
12856,Xã Thụy Việt,,,,,20790000,Bưu Cục Xóm 2 Thụy Sơn-Thái Thụy-Thái Bình,,,
12910,Xã Thái Nguyên,,,,,20790000,Bưu Cục Xóm 2 Thụy Sơn-Thái Thụy-Thái Bình,,,
12949,Xã  Mỹ Lộc,,,,,20790000,Bưu Cục Xóm 2 Thụy Sơn-Thái Thụy-Thái Bình,,,
12958,Xã Sơn Hà,,,,,20790000,Bưu Cục Xóm 2 Thụy Sơn-Thái Thụy-Thái Bình,,,
12850,Xã Thụy Ninh,,,,,20790000,Bưu Cục Xóm 2 Thụy Sơn-Thái Thụy-Thái Bình,,,
12880,Xã Thụy Hải,,,,,20790000,Bưu Cục Xóm 2 Thụy Sơn-Thái Thụy-Thái Bình,,,
12925,Xã Dương Hồng Thủy,,,,,20790000,Bưu Cục Xóm 2 Thụy Sơn-Thái Thụy-Thái Bình,,,
12853,Xã Thụy Hưng,,,,,20790000,Bưu Cục Xóm 2 Thụy Sơn-Thái Thụy-Thái Bình,,,
12928,Xã Hồng Dũng,,,,,20790000,Bưu Cục Xóm 2 Thụy Sơn-Thái Thụy-Thái Bình,,,
12943,Xã Thái Xuyên,,,,,20790000,Bưu Cục Xóm 2 Thụy Sơn-Thái Thụy-Thái Bình,,,
12889,Xã Thụy Liên,,,,,20790000,Bưu Cục Xóm 2 Thụy Sơn-Thái Thụy-Thái Bình,,,
12832,Xã Thụy Trường,,,,,20790000,Bưu Cục Xóm 2 Thụy Sơn-Thái Thụy-Thái Bình,,,
12871,Xã Thụy Bình,,,,,20790000,Bưu Cục Xóm 2 Thụy Sơn-Thái Thụy-Thái Bình,,,
12868,Xã Thụy Trình,,,,,20790000,Bưu Cục Xóm 2 Thụy Sơn-Thái Thụy-Thái Bình,,,
12859,Xã Thụy Văn,,,,,20790000,Bưu Cục Xóm 2 Thụy Sơn-Thái Thụy-Thái Bình,,,
12877,Xã Thụy Dân,,,,,20790000,Bưu Cục Xóm 2 Thụy Sơn-Thái Thụy-Thái Bình,,,
12907,Xã Thái Thượng,,,,,20790000,Bưu Cục Xóm 2 Thụy Sơn-Thái Thụy-Thái Bình,,,
